test,coef,SE,p_value,N,N_clusters,N_treated,CI_lower,CI_upper,pass_attrition
Treatment -> Balanced Panel (logit),1.5898933163597042,0.8066933180697482,0.04873794512448127,530,47,521,0.008774412942997856,3.1710122197764106,FALSE
Treatment -> Coverage Fraction (OLS),0.14534015781616758,0.06086706028194229,0.01729882108255326,530,47,521,0.026040719663560696,0.26463959596877445,FALSE
Treatment -> Observed Next Year (TWFE),NA,NA,NA,2221,47,521,NA,NA,NA
