outcome,chi2,df,p_value,n_pre,pass_05,pass_10
individualizing,2.3593784315529507,4,0.669980339733657,4,TRUE,TRUE
binding,0.6852364482426374,4,0.9531370106409714,4,TRUE,TRUE
universalism_index,0.1253676542428535,4,0.9981155712607707,4,TRUE,TRUE
log_univ_comm,0.17371445226191745,4,0.9964393807678738,4,TRUE,TRUE
care_p,3.275915524895326,4,0.5127572618970759,4,TRUE,TRUE
fairness_p,0.9016892710340099,4,0.9243183413335322,4,TRUE,TRUE
loyalty_p,3.892373442485832,4,0.4207674286580091,4,TRUE,TRUE
authority_p,0.735753041825676,4,0.9468477512303455,4,TRUE,TRUE
sanctity_p,1.5452818042543492,4,0.8185912267048396,4,TRUE,TRUE
