Cohort,N_Places,Pct_Sample,Cum_Pct
2017,350,66.0377358490566,66.0377358490566
2018,96,18.11320754716981,84.15094339622642
2019,39,7.3584905660377355,91.50943396226415
2020,29,5.471698113207547,96.98113207547169
2021,5,0.9433962264150944,97.9245283018868
2022,2,0.37735849056603776,98.30188679245283
Never Treated,9,1.6981132075471699,100
