Outcome,Chi2,df,p_value,n_pre,pass_05,pass_10,Power
individualizing,2.3593784315529507,4,0.669980339733657,4,TRUE,TRUE,NA
binding,0.6852364482426374,4,0.9531370106409714,4,TRUE,TRUE,NA
universalism_index,0.1253676542428535,4,0.9981155712607708,4,TRUE,TRUE,NA
log_univ_comm,0.17371445226191745,4,0.9964393807678738,4,TRUE,TRUE,NA
care_p,3.275915524895326,4,0.5127572618970759,4,TRUE,TRUE,NA
fairness_p,0.90168927103401,4,0.9243183413335322,4,TRUE,TRUE,NA
loyalty_p,3.892373442485832,4,0.4207674286580091,4,TRUE,TRUE,NA
authority_p,0.735753041825676,4,0.9468477512303456,4,TRUE,TRUE,NA
sanctity_p,1.5452818042543492,4,0.8185912267048396,4,TRUE,TRUE,NA
