specification,estimate,se,n_obs
TWFE,0.04694021338023591,0.019601661536296694,23489
TWFE Very Low FS,0.021206430372244883,0.009648659096715943,23489
Simple DiM,-0.004532338006985687,NA,18284
