variable,coef,se,p_value,bw,n_eff
n_authors,0.237457132460353,0.343609189406582,0.489523143253241,54.0949693612681,676
n_categories,-0.190284921133423,0.236636100472937,0.421324990645646,32.5438191038191,426
abstract_length,-47.9551114568908,70.9040366901964,0.498825918573375,39.6878761021435,511
is_cs_AI,-0.113438096112609,0.0900456854055883,0.207747363839207,33.262501913506,429
is_cs_CL,0.0533056371001091,0.106416015507386,0.616429234427197,31.7455309789592,413
is_cs_LG,-0.246247169496486,0.108794368931713,0.0236099134937498,37.3098381128527,479
is_stat_ML,-0.0855452744561763,0.0985192934573999,0.385224722819057,39.7244049004331,511
is_cs_CV,-0.00280907669957153,0.0663636177275096,0.966236774194786,29.6093320941479,389
