test,t_stat,p_value,n_left,n_right,h_left,h_right
McCrary,1.15161977282583,0.249477352589852,189,153,25.9202353895603,25.751220494925
