outcome,coef,se,p_value,bw
Industry Affiliation,-0.000712889991811581,0.000702387145736136,0.310128197462938,13.7785514832076
