covariate,estimate,se,pvalue,bandwidth,n_left,n_right
Turnout (2013),-4.578869439171683,1.3936828566560362,0.0010182114258400457,10,253,262
