test_statistic,p_value,n_left,n_right
1.2521227308777034,0.21052514606677064,180,240
