"","merit_excl_new","cars_per_1000","rental_housing_pct","owner_housing_pct","coop_housing_pct","teachers_qualified"
"merit_excl_new",1,-0.386128406153164,-0.0868388272107603,-0.243795758035504,0.396129675712134,0.010461727447381
"cars_per_1000",-0.386128406153164,1,-0.327722347196723,0.703585660866819,-0.690451074119562,0.201269504336507
"rental_housing_pct",-0.0868388272107603,-0.327722347196723,1,-0.675960727891221,0.126959064565512,-0.134039321491652
"owner_housing_pct",-0.243795758035504,0.703585660866819,-0.675960727891221,1,-0.816793657033211,0.24869606307189
"coop_housing_pct",0.396129675712134,-0.690451074119562,0.126959064565512,-0.816793657033211,1,-0.229805485870376
"teachers_qualified",0.010461727447381,0.201269504336507,-0.134039321491652,0.24869606307189,-0.229805485870376,1
