specification,att,se
Full Sample,0.007493265872653012,0.010043432773468145
Excluding Oregon,0.01565745138652477,0.005969563109177073
