coef,se_cluster,p_value_t10
6.509910298696628e-4,0.00632601660887859,0.920071251587866
