bin,att_binned,se_binned,n_periods,ci_lower,ci_upper
-6+,-0.7800986508854789,0.31707960264070323,5,-1.4015746720612572,-0.15862262970970065
-5 to -4,0.7639994144330174,0.6948110387600988,1,-0.597830221536776,2.125829050402811
-3 to -2,-1.1386547008405068,0.8012279599564044,1,-2.709061502355059,0.4317521006740457
0,0.5904189467914831,0.6330430828269812,1,-0.6503454955493999,1.8311833891323661
1 to 2,1.1054298361936912,1.347760708451205,1,-1.5361811523706708,3.747040824758053
3 to 4,3.926273234558749,3.322661345749333,1,-2.586143003109943,10.438689472227441
5+,-1.5541388363327664,0.9702697159013228,2,-3.455867479499359,0.34758980683382634
