Group,Mean Mortality Rate,SD Mortality Rate,Median Mortality Rate,Min Rate,Max Rate,N States,N State-Years
Full Sample,23.938254230364105,6.427172978878327,23.4,1.411896382208052,65.28473172966962,51,1157
Treated (Pre),23.898376082025788,6.077421476654579,23.2,6.533437771546008,60.433201242560145,17,347
Treated (Post),25.42835537378631,10.588734393233135,24.22573913774408,7.076054631128263,65.28473172966962,17,44
Never-Treated,23.870725858514,6.267480185915946,23.45,1.411896382208052,50.50907383646924,34,766
