referendum,estimate,se,pvalue,ci_lower,ci_upper,n,significant
Energy Strategy 2050 (MAIN),-2.7250604233490137,1.104186492228778,0.013589501676977417,-4.889226180333035,-0.5608946663649932,2108,TRUE
Immigration (Feb 2016),4.0501957555197095,1.2471724649940694,0.001164226224706186,1.605782641621293,6.494608869418126,2108,TRUE
Basic Income (Jun 2016),0.7526555004670819,0.9008648095448408,0.4034468975173349,-1.0130070811803407,2.5183180821145044,4216,FALSE
AHV/Intelligence (Sep 2016),-0.7213658619464667,1.4360638048561032,0.6154413206542497,-3.5359991989659845,2.093267475073051,4216,FALSE
Corporate Tax (Feb 2017),-3.2665289853614325,0.8421959688535486,1.0506564498909662e-4,-4.917202752239204,-1.6158552184836608,2108,TRUE
