specification,att,se,ci_lower,ci_upper
Overall ATT,308.94138513513525,128.11245648482694,57.840970424874456,560.0417998453961
Dynamic (average post),285.6659695409696,NA,NA,NA
