term,estimate,se,ci_lower,ci_upper,n_obs
D_ct (time-varying),-5.243908695982914,1.5506671730077477,-8.2832163550781,-2.2046010368877287,103
