interaction,estimate,se,ci_lower,ci_upper
Treated (baseline),-1.6681475352383404,2.0008549756978136,-5.5898232876060545,2.2535282171293742
Treated x Urban,4.980583108485333,1.724056765818217,1.6014318474816274,8.359734369489038
Treated x Log(Pop),0.34947449828390154,0.7730807117870665,-1.1657636968187488,1.8647126933865519
