test_statistic,p_value
1.2325247007968578,0.21775314547187302
