specification,se,mde_80_power,point_estimate
OLS Language FE,1.93076001060391,5.406128029690947,-1.7987301208121675
Same-Language RDD,1.1789116714854229,3.3009526801591837,-1.5995846028656544
