Comparison,Estimate,SE,95% CI
Main (55-64): Post - Pre,-0.45466940419488633,0.06100389150517712,"[-0.57, -0.34]"
Placebo (65-74): Post - Pre,-0.6987393483228714,0.11761177870783393,"[-0.93, -0.47]"
Triple-Diff: Main - Placebo,0.2440699441279851,0.1324915290484487,"[-0.02, 0.5]"
