Specification,N,Effect,SE,95% CI
Full Sample,1182561,-0.9751743456878819,0.029516844715601773,"[-1.03, -0.92]"
Pre-ACA (2012-2014),434820,-0.6924862706554321,0.04825485325595513,"[-0.79, -0.6]"
Post-ACA (2017-2022),747741,-1.1471556748503184,0.037322163871105575,"[-1.22, -1.07]"
Placebo (65-74) Pre-ACA,123050,-0.1964275768126198,0.09632165012027168,"[-0.39, -0.01]"
Placebo (65-74) Post-ACA,257550,-0.8951669251354912,0.0674882968293649,"[-1.03, -0.76]"
