group,Mean Diabetes Mort. Rate,SD Diabetes Mort. Rate,Mean Heart Mort. Rate,Mean Cancer Mort. Rate,N States,N State-Years
Ever-Treated,23.5015479876161,5.372077921882463,192.31052631578947,176.31052631578947,17,323
Never-Treated,23.353560371517027,4.709707410577524,200.74628482972136,179.76826625386997,34,646
