window,estimate,se,n,ci_low,ci_high
24-27,0.0595108298253561,0.0037351251146045205,449413,0.05218998460073124,0.06683167504998096
23-28,0.055236718128460115,0.002751134437590645,640373,0.04984449463078245,0.06062894162613778
22-29,0.05533060773469495,0.0023390978831921657,789992,0.0507459758836383,0.059915239585751595
21-30,0.05464006235942002,0.002118654427433919,900023,0.050487499681649534,0.0587926250371905
