test_statistic,p_value,n_left,n_right
0.9702806172631124,0.331906636000626,453,495
