term,estimate,se,ci_lower,ci_upper,n_obs
treat_post,-4.152848324941392,1.5406408497256208,-7.172504390403608,-1.1331922594791752,103
