variable,rd_est,se,pval,bw,n_eff
sc_share01,-0.00464033236860306,0.00874902575685847,0.642485691163533,398.614593232037,270736
st_share01,0.00195769563717504,0.0216161124006707,0.927576329948832,305.60839437463,211529
lit_rate01,0.000452314534675979,0.00937245368764082,0.885450529641291,297.40928947531,206324
lit_rate_f01,0.00125033432571592,0.0105661594292964,0.964145954413231,318.364443879827,220018
lfpr01,-0.00168911337819372,0.00701770214209394,0.479241880002415,256.592339993093,178851
lfpr_f01,-0.00163851057941866,0.0114545189179847,0.629791598404724,346.206106880422,238064
nonag_share01,0.000696083953139776,0.00645552421285919,0.773254257577636,225.048325886925,157751
nonag_share_f01,-0.00117600527603877,0.00728269596349968,0.970311765109682,258.339766739388,178090
