outcome,rd_conv,rd_robust,se_conv,se_robust,pval_robust,bw_main,bw_bias,n_left,n_right,n_eff_left,n_eff_right
Female Non-Ag Share (2011),-0.00148250561762023,0.000462704477647125,0.00762772971998468,0.00798502845813983,0.953791241076177,253.656794789547,227.190217380577,187735,335341,96837,79482
Male Non-Ag Share (2011),-0.000785781061010321,-0.0000480741580427546,0.00697757949564104,0.00757284450093665,0.994934879378921,307.895968265126,262.111339818253,192514,335434,119264,93551
Change in Female Non-Ag Share,-0.00118977219390187,0.000417337709826195,0.00464619156674284,0.00527038264551358,0.936885104131498,166.452483519376,201.023805672024,180877,334640,61399,54535
Change in Male Non-Ag Share,-0.00153892915156517,-0.00138263445198308,0.0029557080250818,0.0034122099990001,0.685329005716184,170.168431796641,208.164859833545,192321,335434,63970,56174
Female LFPR (2011),-0.000877855681770678,-0.00574949711263761,0.0112437261672719,0.0118161047574701,0.626554988282899,265.370808374684,233.514620638652,192449,335435,102065,82795
Change in Female LFPR,0.000897803544431821,0.000849119004978301,0.00428201281197072,0.00492110053891901,0.863007854943085,228.740698457422,260.037645277641,192148,335434,87111,72725
Change in Gender Gap (Non-Ag),-0.000688267038686484,0.0000621132076155731,0.00403995601521656,0.00459913595651305,0.989224571023312,217.180507920447,255.996894956881,180725,334638,81288,69093
Female Literacy Rate (2011),-0.00111640527839074,-0.000316131832313105,0.00883928609480396,0.00933341187628817,0.972980032346575,355.924688008937,255.512486215588,192449,335435,138599,105124
Change in Female Literacy,-0.00249622557366586,-0.00160735727216924,0.00389991626030114,0.00414267805848799,0.698016357742257,233.963138685608,210.497963226743,192148,335434,89192,74100
