method,estimate,se,ci_lower,ci_upper
Callaway-Sant'Anna,-8.911415760212208,10.806944530993837,-30.093027040960127,12.270195520535712
