Specification,Coefficient,SE,N,CI_lower,CI_upper,stars
TWFE (baseline),0.00637789863363337,0.0212683222018262,10912,-0.035308012881946,0.0480638101492127,""
TWFE (with controls),0.00915620670614517,0.0199770286263578,10912,-0.0299987694015161,0.0483111828138065,""
MW industries sample,0.00907237625244401,0.0210140805592306,8890,-0.0321152216436479,0.0502599741485359,""
