statefip,treat_year,pre_gap,post_gap,att
5,2015,-18.423207821976117,NA,NA
24,2015,21.700998891689007,NA,NA
31,2015,-4.583820293805817,NA,NA
46,2015,74.23517861808192,NA,NA
54,2015,-30.35339174216484,NA,NA
