outcome,coef,se,ci_lower,ci_upper,p_value,bw,n_eff_left,n_eff_right
Position Percentile,-0.699357903122564,0.0344282839038683,-0.766836099623666,-0.631879706621462,9.7748985822483e-92,17.8515060819433,132,97
