outcome,estimate,se,t_stat,p_value,n,stars,estimate_pp,se_pp
Medicaid,0.055236718128460115,0.002751134437590645,20.07779677129652,1.2299450938039467e-89,640373,***,5.523671812846011,0.2751134437590645
Private Insurance,-0.07578077577331646,0.002730565100189857,-27.75278119831217,2.0340739246268714e-169,640373,***,-7.578077577331646,0.27305651001898573
Self-Pay,0.020544057644859816,0.001543534310321921,13.309751203765032,2.0568930710820665e-40,640373,***,2.0544057644859817,0.1543534310321921
