Estimator,Estimate,SE
Overall ATT,-0.02458363894177591,0.02832150918869063
Pre-treatment average,-0.030976756167869716,NA
Post-treatment average,-0.03726747351855842,NA
