estimator,att,se,ci_lower,ci_upper
Callaway-Sant'Anna,-2.716731435348941,2.199657902536818,-7.028060924321104,1.5945980536232218
