covariate,estimate,se,pvalue,ci_lower,ci_upper,significant
log_pop,-0.19085434639210952,0.12599521736985447,0.12982951223896633,-0.4378004346613197,0.056091741877100615,FALSE
pop_density,0.2544802212673205,0.3898365031486483,0.5138935727503682,-0.5095852847630654,1.0185457272977065,FALSE
turnout,-1.0378882623934373,0.8059030833577724,0.19779560137326718,-2.617429280804452,0.5416527560175772,FALSE
voters,254.4802212673021,389.8365031486027,0.5138935727503493,-509.5852847629943,1018.5457272975985,FALSE
