test_statistic,p_value,n_left,n_right
0.9702806173360152,0.3319066359642971,453,495
