referendum,estimate,se,pvalue,ci_lower,ci_upper,n,significant
Energy Strategy 2050 (MAIN),-2.7250604233491913,1.1041864922287974,0.013589501676972952,-4.8892261803332495,-0.5608946663651326,2108,TRUE
Immigration (Feb 2016),4.050195755519148,1.2471724649940492,0.0011642262247078122,1.6057826416207708,6.494608869417526,2108,TRUE
Basic Income (Jun 2016),0.752655500469892,0.9008648095439353,0.40344689751510654,-1.0130070811757559,2.51831808211554,4216,FALSE
AHV/Intelligence (Sep 2016),-0.7213658619473975,1.4360638048566556,0.6154413206539298,-3.5359991989679984,2.0932674750732034,4216,FALSE
Corporate Tax (Feb 2017),-3.2665289853613686,0.8421959688534697,1.0506564498897256e-4,-4.917202752238986,-1.6158552184837511,2108,TRUE
