Status,N,Mean Yes %,SD,Min,Max,Turnout %
Control,1404,57.515742764327626,11.04963890681971,16.666666667,86.614173228,45.129859847207975
Treated,716,47.884282476886874,9.578226256717416,16.071428571,85.714285714,41.58643100815084
