treated_share,treated_share_pct,mde_pop_level,mde_treated_group,mde_treated_pct_baseline,mean_mortality,panel
0.03,3,3.1218281554893945,104.06093851631316,753.0882792983174,13.817893781758352,Working-Age (25-64)
0.05,5,3.1218281554893945,62.43656310978789,451.85296757899033,13.817893781758352,Working-Age (25-64)
0.1,10,3.1218281554893945,31.218281554893945,225.92648378949517,13.817893781758352,Working-Age (25-64)
0.15,15,3.1218281554893945,20.81218770326263,150.61765585966344,13.817893781758352,Working-Age (25-64)
0.2,20,3.1218281554893945,15.609140777446973,112.96324189474758,13.817893781758352,Working-Age (25-64)
0.3,30,3.1218281554893945,10.406093851631315,75.30882792983172,13.817893781758352,Working-Age (25-64)
