cutoff,estimate,pvalue,n_effective
-20,1.7284446859307465,1.9787540257130664e-5,4892
-10,0.5465062353110568,0.008847970102321568,15437
10,0.1426177656825658,0.2930395374675592,48035
20,-0.13199352172028256,0.25713829363217083,47730
