Specification,Estimate,SE,CI_Lower,CI_Upper,N,States
TWFE (CA),0.00026,0.00148,-0.0027,0.0032,1440,45
Stacked DiD,0.00118,0.00071,-0.0002,0.0026,1485,225
C-S Overall,-0.0011,0.0011,-0.0033,0.0011,1568,49
C-S Dynamic,-0.0012,0.0012,-0.0036,0.0012,1568,49
