"Panel","Variable","Mean","SD","Min","Max","N"
"A. State Characteristics","Bank branches (count)",163.230769230769,329.756261968886,23,1247,13
"A. State Characteristics","Population (millions)",7.09769230769231,3.71540745600029,3.42,15.39,13
"A. State Characteristics","Bank branches per 100k",1.6644266941689,2.06938093905708,0.507726269315673,8.10266406757635,13
"A. State Characteristics","Cash scarcity index (0-1)",0.90965237354716,0.161635331027289,0.406774141008132,1,13
"B. Food Prices and Controls","Log food price index (pre-crisis)",7.77198716902148,0.424245646120784,4.60517018598809,9.54018490204267,2635
"B. Food Prices and Controls","Log food price index (crisis)",8.07827472066311,0.193004564878871,7.62570002922482,8.46942603221348,65
"B. Food Prices and Controls","Log food price index (post-crisis)",8.36208689325251,0.229928354031621,5.7037824746562,8.85521441043332,559
"B. Food Prices and Controls","N products per state-week",16.3989117983963,2.16210135915565,1,20,3492
"B. Food Prices and Controls","Conflict events (state-month)",2.34564719358534,7.39381634531177,0,61,3492
