eligible_5307,n,mean_funding,median_funding,mean_per_capita
0,3095,0,0,0
1,496,11620400.620967705,2662087,26.18768503654139
