outcome,estimate,robust_se,p_value,ci_lower,ci_upper,bandwidth,n_left,n_right
Transit Share,-0.0014932967712066418,0.0043276641136833945,0.5161629868952364,-0.011291894213665934,0.005672237386345877,10761.210848580702,3095,497
Employment Rate,-0.003917315001741306,0.007968778054386252,0.4645227504701849,-0.0214470403568927,0.009789995617887726,14283.458851906946,3095,497
No Vehicle Share,-0.001882726421331471,0.00861023430401159,0.8378720970671493,-0.018637541460678083,0.015113956807949937,25196.079998144356,3095,497
Long Commute Share,0.011245633277781678,0.011449644864302168,0.22970145098339179,-0.00868839951694635,0.03619338362266612,11737.821902543239,3095,497
