preferred_se,mde_80_power,mde_95_power,ci_lower,ci_upper,point_estimate
1.93076001060391,5.406128029690947,6.960389838227096,-5.583019741595831,1.9855594999714958,-1.7987301208121675
