estimator,att,se,ci_lower,ci_upper
Callaway-Sant'Anna,-2.716731435348941,2.1666688831249177,-6.96340244627378,1.5299395755758978
