covariate,estimate,se,pvalue,ci_lower,ci_upper,significant
log_pop,-0.19085434639210952,0.12599521736985242,0.12982951223896008,-0.4378004346613156,0.05609174187709656,FALSE
pop_density,0.2544802212673496,0.3898365031487927,0.513893572750476,-0.5095852847633192,1.0185457272980183,FALSE
turnout,-1.0378882623933805,0.8059030833577802,0.19779560137329613,-2.6174292808044104,0.5416527560176492,FALSE
voters,254.48022126738465,389.8365031489187,0.5138935727505543,-509.58528476353115,1018.5457272983004,FALSE
