Method,Estimate,SE,CI_Low,CI_High,Significant
rdrobust (standard),0.007773728192036325,0.009684631654031176,-0.01120814984986478,0.02675560623393743,No
"Parametric, HC1 SEs",0.0054434445385279535,0.003342480115267335,-0.001107816487396023,0.011994705564451931,No
"Parametric, cluster(age)",0.0054434445385279535,0.001424885804579957,0.002650668361551238,0.008236220715504668,Yes
"Parametric, cluster(age×year)",0.0054434445385279535,0.0036920312089801003,-0.001792936631073043,0.01267982570812895,No
"With controls, cluster(age)",0.004926802627551806,0.004103260480502503,-0.003115587914233101,0.012969193169336712,No
"Cell-level (age×year), weighted",0.005443444538528075,0.004774207023459708,-0.003914001227452953,0.014800890304509103,No
