Group,Mean Mortality Rate,SD Mortality Rate,Median Mortality Rate,Min Rate,Max Rate,N States,N State-Years
Full Sample,13.817893781758352,3.7249341563019756,13.528846153846153,0.8145556051200299,37.664268305578624,50,1142
Treated (Pre),13.787524662707183,3.5062046980699457,13.384615384615383,3.769291022045773,34.86530840916931,17,347
Treated (Post),14.670205023338255,6.1088852268652705,13.97638796408312,4.082339210266305,37.664268305578624,17,44
Never-Treated,13.781990172811934,3.640520385117104,13.557692307692307,0.8145556051200299,29.139850290270715,33,751
