commodity,att,se_state,p_state
Onion,-0.105355244404973,0.0409071126684171,0.0203275285286708
Tomato,-0.0314101172233626,0.0293992520723306,0.301195844656847
Wheat,-0.0492197267419703,0.0412870710005709,0.258292323346941
