"Group","Employment Rate","Labor Force Participation","Married (%)","College+ (%)","Mean Age","N (unweighted)","N (weighted)"
"Full Sample",0.59250993244411,0.640734626188271,0.737631897593874,0.338109767359044,31.7352547370201,469793,50950702
"PFL States",0.569662783857264,0.617949040340333,0.745170609056875,0.347149509197602,32.3548076661866,117144,12478851
"Non-PFL States",0.599920705660874,0.648125430720763,0.735186617353036,0.335177608168632,31.5342945937278,352649,38471851
