se,mde_80,mde_50,baseline
0.010043432773468145,0.028121611765710805,0.019685128235997565,0.1573674599869815
