Covariate,Estimate,SE_rdrobust,SE_cluster,pvalue_rdrobust,pvalue_cluster
female,0.023380959308848648,0.019481273532702674,0.00615807552496024,0.23007094702291095,0.06905216295984093
college,0.013844956457978064,0.018347591083647426,0.006000730155038659,0.45049346518413963,0.7901149496759543
white,0.003447790653437588,0.015867070595609094,0.004923445336629516,0.8279806365564799,0.47691619389478285
weekday,0.006023928925921518,0.019593618179847574,0.004710550162663074,0.7585058852718827,0.5840138915561253
