model,outcome,coefficient,se,n_obs,stars
TWFE Continuous,log_establishments,-0.017732545672212306,0.03610820439735367,510,
TWFE Continuous + Trends,log_establishments,0.003998417381309329,0.01440258315377788,510,
TWFE Binary,log_establishments,2.502090249576373e-4,0.011238468515230034,510,
TWFE Binary + Trends,log_establishments,-4.3027389670473814e-4,0.0045747867559040225,510,
