actual_coef,perm_mean,perm_sd,perm_pvalue,perm_ci_lower,perm_ci_upper
-8.456720417108084,1.3386132714622039,11.25683124354924,0.4174174174174174,-16.641761221703476,28.432126782352043
