Group,ATT,SE,N,CI_lower,CI_upper,p_value,stars
Age: Middle (35-49),-0.056490387650902335,0.010698421216657459,459,-0.07745929323555095,-0.03552148206625372,1.2900451284991732e-7,***
Age: Older (50-64),-0.049965524664314274,0.020566578938866632,459,-0.09027601938449287,-0.009655029944135675,0.015121650198644865,**
Age: Young (18-34),-0.02139745043628594,0.007734734554548869,459,-0.03655753016320172,-0.006237370709370157,0.005667715019672448,***
Education: College+,-0.04680513589887036,0.018974819784178185,459,-0.08399578267585961,-0.009614489121881113,0.013636559673021686,**
Education: Some college,-0.02615430809644285,0.007945703198575247,459,-0.041727886365650335,-0.010580729827235368,9.960887596733858e-4,***
Education: No college,-0.017600131669661054,0.012087809578418726,459,-0.04129223844336176,0.006091975104039648,0.14538619517567164,
