year,N_States,N_Treated,N_Control,Total_Obs,Mean_State_Obs
2016,51,0,51,154169,3022.921568627451
2017,51,0,51,151820,2976.8627450980393
2018,51,0,51,147985,2901.6666666666665
2019,51,0,51,142731,2798.6470588235293
2020,51,0,51,122901,2409.823529411765
2021,51,1,50,123288,2417.4117647058824
2022,51,1,50,118770,2328.823529411765
2023,51,4,47,111864,2193.4117647058824
2024,51,7,44,106927,2096.607843137255
