Subgroup,ATT,SE,CI_lower,CI_upper
All Workers,-0.039434733543354535,0.009940797702370871,-0.05891869704000144,-0.019950770046707627
Male Earnings,-0.04297705371355554,0.01048377058788649,-0.06352524406581306,-0.022428863361298023
Female Earnings,-0.031341918753694166,0.01224483033307788,-0.055341786206526813,-0.007342051300861522
Gender Gap,-0.011635134959861482,0.010875917714945501,-0.03295193368115466,0.0096816637614317
